{
  "feature_cols": [
    "l5_pts",
    "l5_reb",
    "l5_ast",
    "l5_min",
    "l5_ts",
    "l10_pts_std",
    "l10_min_std",
    "std_pts",
    "std_reb",
    "std_ast",
    "std_min",
    "gp_prior",
    "is_home",
    "rest_days",
    "is_b2b",
    "is_well_rested",
    "opp_def_roll10",
    "opp_pace_roll10",
    "ewma_pts",
    "ewma_reb",
    "ewma_ast",
    "ewma_min",
    "inactive_usg_pool",
    "fg3_vs_avg",
    "rim_vs_avg",
    "xPPS_base",
    "efficiency_delta",
    "l5_potential_ast",
    "inactive_potential_ast_pool",
    "inactive_drives_pool",
    "leverage_index",
    "paint_overlay",
    "perimeter_overlay",
    "creation_absorption",
    "slashing_absorption"
  ],
  "medians": {
    "l5_pts": 9.4,
    "l5_reb": 3.6,
    "l5_ast": 1.8,
    "l5_min": 24.2,
    "l5_ts": 0.5703488372093024,
    "l10_pts_std": 5.125101625008675,
    "l10_min_std": 5.344779384283945,
    "std_pts": 9.090909090909092,
    "std_reb": 3.628099173553719,
    "std_ast": 1.6829268292682926,
    "std_min": 23.4375,
    "gp_prior": 33.0,
    "is_home": 1.0,
    "rest_days": 2.0,
    "is_b2b": 0.0,
    "is_well_rested": 0.0,
    "opp_def_roll10": 114.2,
    "opp_pace_roll10": 88.5,
    "ewma_pts": 9.283256051818356,
    "ewma_reb": 3.6036715949125457,
    "ewma_ast": 1.7861474358050209,
    "ewma_min": 24.017256708375857,
    "inactive_usg_pool": 0.0,
    "fg3_vs_avg": 0.020714118301935314,
    "rim_vs_avg": 0.005230111594674569,
    "xPPS_base": 0.9955000000000002,
    "efficiency_delta": -0.39524276025495964,
    "l5_potential_ast": 3.5,
    "inactive_potential_ast_pool": 10.59999942779541,
    "inactive_drives_pool": 4.400000095367432,
    "leverage_index": 0.0,
    "paint_overlay": 0.00025835792380211273,
    "perimeter_overlay": 0.0024071301330103097,
    "creation_absorption": 28.840000534057616,
    "slashing_absorption": 3.919999694824219
  },
  "validation_results": {
    "pts": {
      "rmse": 5.990903316394508,
      "mae": 4.591554641723633,
      "within_3": 0.4225318754194134,
      "best_iteration": 324,
      "model_file": "xgb_pts_model.json",
      "q25_mae": 5.314182758331299,
      "q25_file": "xgb_pts_q25.json",
      "q50_mae": 4.550134658813477,
      "q50_file": "xgb_pts_q50.json",
      "q75_mae": 5.607493877410889,
      "q75_file": "xgb_pts_q75.json"
    },
    "reb": {
      "rmse": 2.507387024149501,
      "mae": 1.8980439901351929,
      "within_3": 0.8078790510401452,
      "best_iteration": 490,
      "model_file": "xgb_reb_model.json",
      "q25_mae": 2.219116449356079,
      "q25_file": "xgb_reb_q25.json",
      "q50_mae": 1.884746789932251,
      "q50_file": "xgb_reb_q50.json",
      "q75_mae": 2.2628135681152344,
      "q75_file": "xgb_reb_q75.json"
    },
    "ast": {
      "rmse": 1.8066725609508425,
      "mae": 1.3337252140045166,
      "within_3": 0.908459321833182,
      "best_iteration": 335,
      "model_file": "xgb_ast_model.json",
      "q25_mae": 1.5248314142227173,
      "q25_file": "xgb_ast_q25.json",
      "q50_mae": 1.3084514141082764,
      "q50_file": "xgb_ast_q50.json",
      "q75_mae": 1.6162853240966797,
      "q75_file": "xgb_ast_q75.json"
    }
  },
  "train_seasons": [
    "2022-23",
    "2023-24"
  ],
  "val_seasons": [
    "2024-25"
  ],
  "quantiles": [
    0.25,
    0.5,
    0.75
  ],
  "quantile_mode": "residual"
}