{
  "feature_cols": [
    "l5_min",
    "std_min",
    "l10_min_std",
    "ewma_min",
    "gp_prior",
    "is_home",
    "rest_days",
    "opp_pace_roll10",
    "opp_def_roll10"
  ],
  "medians": {
    "l5_min": 24.2,
    "std_min": 23.49230769230769,
    "l10_min_std": 5.342700108039421,
    "ewma_min": 24.07087105161171,
    "gp_prior": 33.0,
    "is_home": 1.0,
    "rest_days": 2.0,
    "opp_pace_roll10": 88.5,
    "opp_def_roll10": 114.2
  },
  "train_seasons": [
    "2022-23",
    "2023-24"
  ],
  "val_seasons": [
    "2024-25"
  ],
  "metrics": {
    "rmse": 6.4050330978769825,
    "mae": 4.9166378492391765,
    "within_3": 0.3890033275233719,
    "within_5": 0.6074314688638884
  },
  "best_iteration": 280
}