{
  "feature_cols": [
    "l5_pts",
    "l5_reb",
    "l5_ast",
    "l5_min",
    "l5_ts",
    "l10_pts_std",
    "l10_min_std",
    "std_pts",
    "std_reb",
    "std_ast",
    "std_min",
    "gp_prior",
    "is_home",
    "rest_days",
    "opp_def_roll10",
    "opp_pace_roll10",
    "ewma_pts",
    "ewma_reb",
    "ewma_ast",
    "ewma_min",
    "inactive_usg_pool",
    "fg3_vs_avg",
    "rim_vs_avg",
    "efficiency_delta",
    "l5_potential_ast"
  ],
  "medians": {
    "l5_pts": 9.4,
    "l5_reb": 3.6,
    "l5_ast": 1.8,
    "l5_min": 24.2,
    "l5_ts": 0.5703488372093024,
    "l10_pts_std": 5.125101625008675,
    "l10_min_std": 5.344779384283945,
    "std_pts": 9.090909090909092,
    "std_reb": 3.628099173553719,
    "std_ast": 1.6829268292682926,
    "std_min": 23.4375,
    "gp_prior": 33.0,
    "is_home": 1.0,
    "rest_days": 2.0,
    "opp_def_roll10": 114.2,
    "opp_pace_roll10": 88.5,
    "ewma_pts": 9.283256051818356,
    "ewma_reb": 3.6036715949125457,
    "ewma_ast": 1.7861474358050209,
    "ewma_min": 24.017256708375857,
    "inactive_usg_pool": 0.0,
    "fg3_vs_avg": 0.020714118301935314,
    "rim_vs_avg": 0.005230111594674569,
    "efficiency_delta": 0.01126687204952137,
    "l5_potential_ast": 5.994000000000001
  },
  "validation_results": {
    "pts": {
      "rmse": 6.063109377093862,
      "mae": 4.638228893280029,
      "within_3": 0.413255437571547,
      "best_iteration": 334,
      "model_file": "xgb_pts_model.json",
      "q25_mae": 5.441507339477539,
      "q25_file": "xgb_pts_q25.json",
      "q50_mae": 4.603549480438232,
      "q50_file": "xgb_pts_q50.json",
      "q75_mae": 5.565485000610352,
      "q75_file": "xgb_pts_q75.json"
    },
    "reb": {
      "rmse": 2.5303785919871005,
      "mae": 1.9137343168258667,
      "within_3": 0.80606323767418,
      "best_iteration": 360,
      "model_file": "xgb_reb_model.json",
      "q25_mae": 2.261658191680908,
      "q25_file": "xgb_reb_q25.json",
      "q50_mae": 1.9008337259292603,
      "q50_file": "xgb_reb_q50.json",
      "q75_mae": 2.2683699131011963,
      "q75_file": "xgb_reb_q75.json"
    },
    "ast": {
      "rmse": 1.8239879911470784,
      "mae": 1.3437422513961792,
      "within_3": 0.9067619310780405,
      "best_iteration": 333,
      "model_file": "xgb_ast_model.json",
      "q25_mae": 1.552390694618225,
      "q25_file": "xgb_ast_q25.json",
      "q50_mae": 1.318010926246643,
      "q50_file": "xgb_ast_q50.json",
      "q75_mae": 1.6214232444763184,
      "q75_file": "xgb_ast_q75.json"
    }
  },
  "train_seasons": [
    "2022-23",
    "2023-24"
  ],
  "val_seasons": [
    "2024-25"
  ],
  "quantiles": [
    0.25,
    0.5,
    0.75
  ],
  "quantile_mode": "residual"
}