{
  "feature_cols": [
    "l5_pts",
    "l5_reb",
    "l5_ast",
    "l5_min",
    "l5_usg",
    "l5_ts",
    "l10_pts_std",
    "l10_min_std",
    "std_pts",
    "std_reb",
    "std_ast",
    "std_min",
    "gp_prior",
    "is_home",
    "rest_days",
    "opp_def_roll10",
    "opp_pace_roll10"
  ],
  "medians": {
    "l5_pts": 9.4,
    "l5_reb": 3.6,
    "l5_ast": 1.8,
    "l5_min": 24.2,
    "l5_usg": 7.4,
    "l5_ts": 0.5703488372093024,
    "l10_pts_std": 5.125101625008675,
    "l10_min_std": 5.344779384283945,
    "std_pts": 9.090909090909092,
    "std_reb": 3.628099173553719,
    "std_ast": 1.6829268292682926,
    "std_min": 23.4375,
    "gp_prior": 33.0,
    "is_home": 1.0,
    "rest_days": 2.0,
    "opp_def_roll10": 114.2,
    "opp_pace_roll10": 88.5
  },
  "validation_results": {
    "pts": {
      "rmse": 6.106770069851587,
      "mae": 4.676817893981934,
      "within_3": 0.4101764496901275,
      "best_iteration": 351,
      "model_file": "xgb_pts_model.json"
    },
    "reb": {
      "rmse": 2.54031697901095,
      "mae": 1.9232009649276733,
      "within_3": 0.8041290016973908,
      "best_iteration": 345,
      "model_file": "xgb_reb_model.json"
    },
    "ast": {
      "rmse": 1.835826139928041,
      "mae": 1.3546844720840454,
      "within_3": 0.905696127580626,
      "best_iteration": 386,
      "model_file": "xgb_ast_model.json"
    }
  },
  "train_seasons": [
    "2022-23",
    "2023-24"
  ],
  "val_seasons": [
    "2024-25"
  ]
}