{
  "feature_cols": [
    "l5_pts",
    "l5_reb",
    "l5_ast",
    "l5_min",
    "l5_ts",
    "l10_pts_std",
    "l10_min_std",
    "std_pts",
    "std_reb",
    "std_ast",
    "std_min",
    "gp_prior",
    "is_home",
    "rest_days",
    "opp_def_roll10",
    "opp_pace_roll10",
    "ewma_pts",
    "ewma_reb",
    "ewma_ast",
    "ewma_min",
    "inactive_usg_pool",
    "fg3_vs_avg",
    "rim_vs_avg",
    "xPPS_base",
    "efficiency_delta",
    "l5_potential_ast",
    "inactive_potential_ast_pool",
    "inactive_drives_pool"
  ],
  "medians": {
    "l5_pts": 9.4,
    "l5_reb": 3.6,
    "l5_ast": 1.8,
    "l5_min": 24.2,
    "l5_ts": 0.5703488372093024,
    "l10_pts_std": 5.125101625008675,
    "l10_min_std": 5.344779384283945,
    "std_pts": 9.090909090909092,
    "std_reb": 3.628099173553719,
    "std_ast": 1.6829268292682926,
    "std_min": 23.4375,
    "gp_prior": 33.0,
    "is_home": 1.0,
    "rest_days": 2.0,
    "opp_def_roll10": 114.2,
    "opp_pace_roll10": 88.5,
    "ewma_pts": 9.283256051818356,
    "ewma_reb": 3.6036715949125457,
    "ewma_ast": 1.7861474358050209,
    "ewma_min": 24.017256708375857,
    "inactive_usg_pool": 0.0,
    "fg3_vs_avg": 0.020714118301935314,
    "rim_vs_avg": 0.005230111594674569,
    "xPPS_base": 0.944,
    "efficiency_delta": -0.3530434370017068,
    "l5_potential_ast": 5.994000000000001,
    "inactive_potential_ast_pool": 0.0,
    "inactive_drives_pool": 4.400000095367432
  },
  "validation_results": {
    "pts": {
      "rmse": 6.000807072082673,
      "mae": 4.604419231414795,
      "within_3": 0.4204792168318004,
      "best_iteration": 273,
      "model_file": "xgb_pts_model.json",
      "q25_mae": 5.326932907104492,
      "q25_file": "xgb_pts_q25.json",
      "q50_mae": 4.554795742034912,
      "q50_file": "xgb_pts_q50.json",
      "q75_mae": 5.598196983337402,
      "q75_file": "xgb_pts_q75.json"
    },
    "reb": {
      "rmse": 2.50954883396132,
      "mae": 1.9024971723556519,
      "within_3": 0.8072079895788102,
      "best_iteration": 344,
      "model_file": "xgb_reb_model.json",
      "q25_mae": 2.2268335819244385,
      "q25_file": "xgb_reb_q25.json",
      "q50_mae": 1.8850007057189941,
      "q50_file": "xgb_reb_q50.json",
      "q75_mae": 2.276639938354492,
      "q75_file": "xgb_reb_q75.json"
    },
    "ast": {
      "rmse": 1.8101832612137554,
      "mae": 1.3395394086837769,
      "within_3": 0.9086566928512217,
      "best_iteration": 272,
      "model_file": "xgb_ast_model.json",
      "q25_mae": 1.5286728143692017,
      "q25_file": "xgb_ast_q25.json",
      "q50_mae": 1.310068964958191,
      "q50_file": "xgb_ast_q50.json",
      "q75_mae": 1.6433056592941284,
      "q75_file": "xgb_ast_q75.json"
    }
  },
  "train_seasons": [
    "2022-23",
    "2023-24"
  ],
  "val_seasons": [
    "2024-25"
  ],
  "quantiles": [
    0.25,
    0.5,
    0.75
  ],
  "quantile_mode": "residual"
}