{
  "feature_cols": [
    "l5_pts",
    "l5_reb",
    "l5_ast",
    "l5_min",
    "l5_ts",
    "l10_pts_std",
    "l10_min_std",
    "std_pts",
    "std_reb",
    "std_ast",
    "std_min",
    "gp_prior",
    "is_home",
    "rest_days",
    "opp_def_roll10",
    "opp_pace_roll10"
  ],
  "medians": {
    "l5_pts": 9.4,
    "l5_reb": 3.6,
    "l5_ast": 1.8,
    "l5_min": 24.2,
    "l5_ts": 0.5703488372093024,
    "l10_pts_std": 5.125101625008675,
    "l10_min_std": 5.344779384283945,
    "std_pts": 9.090909090909092,
    "std_reb": 3.628099173553719,
    "std_ast": 1.6829268292682926,
    "std_min": 23.4375,
    "gp_prior": 33.0,
    "is_home": 1.0,
    "rest_days": 2.0,
    "opp_def_roll10": 114.2,
    "opp_pace_roll10": 88.5
  },
  "validation_results": {
    "pts": {
      "rmse": 6.111570622286173,
      "mae": 4.680390357971191,
      "within_3": 0.4082027395097304,
      "best_iteration": 435,
      "model_file": "xgb_pts_model.json"
    },
    "reb": {
      "rmse": 2.5411599284664192,
      "mae": 1.9228501319885254,
      "within_3": 0.804602692140686,
      "best_iteration": 437,
      "model_file": "xgb_reb_model.json"
    },
    "ast": {
      "rmse": 1.8377712101506989,
      "mae": 1.3551318645477295,
      "within_3": 0.9057750759878419,
      "best_iteration": 358,
      "model_file": "xgb_ast_model.json"
    }
  },
  "train_seasons": [
    "2022-23",
    "2023-24"
  ],
  "val_seasons": [
    "2024-25"
  ]
}